{
    "services": [
        {
            "id": 1,
            "title": "Funeral Arrangement",
            "image": "https://custom-images.strikinglycdn.com/res/hrscywv4p/image/upload/c_limit,fl_lossy,h_9000,w_1200,f_auto,q_auto/4961220/248301_24242.jpeg",
            "description": "Our funeral arrangement services are designed to provide complete support during this challenging time, taking care of all aspects from ceremony planning to logistics, ensuring a smooth and respectful farewell.",
            "content": [
                {
                    "t1": "Personalized Consultation",
                    "desc": "We offer a compassionate and understanding environment where we listen to your needs, preferences, and wishes. Our experienced funeral directors will provide guidance and support as we work together to create a personalized funeral service that truly reflects the life and values of your loved one."
                },
                {
                    "t1": "Venue Selection",
                    "desc": "We can assist you in finding an appropriate venue for the funeral service, whether it's a place of worship, a funeral home chapel, or any other location that holds significance to your family. We will consider factors such as capacity, accessibility, and any specific cultural or religious requirements."
                },
                {
                    "t1": "Casket and Urn Options",
                    "desc": "We provide a wide selection of caskets and urns to suit different preferences and budgets. Our caring staff will help you choose a casket or urn that reflects the individuality of your loved one, offering a range of styles, materials, and finishes for you to consider."
                },
                {
                    "t1": "Multimedia Presentation",
                    "desc": "We offer various memorialization options, such as customized keepsakes, memorial jewelry, and fingerprint or DNA preservation, allowing you to create lasting memories of your loved one. Additionally, we can assist with obituary writing and publication, helping you share their story with the community."
                },
                {
                    "t1": "Grief Support",
                    "desc": "We understand that grief doesn't end with the funeral service. Our caring staff provides ongoing support and resources to help you and your family navigate the grieving process. We can connect you with grief counseling, support groups, and other services to aid in your healing journey."
                }
            ]
        },
        {
            "id": 2,
            "title": "Cremation Service",
            "image": "https://www.lastjourney.in/uploaded_files/thumb_cache/thumb_684_575_cremation-services.jpg",
            "description": "We offer dignified cremation services, handling all necessary arrangements with empathy and respect to honor the memory of your loved one with the utmost professionalism.",
            "content": [
                {
                    "t1": "Compassionate Guidance",
                    "desc": "Our team provides compassionate guidance throughout the cremation process, ensuring that families are fully informed and comfortable with their choices."
                },
                {
                    "t1": "Cremation Options",
                    "desc": "We offer various cremation options, including direct cremation and memorial services, tailored to meet the specific needs and wishes of each family."
                },
                {
                    "t1": "Legal and Administrative Support",
                    "desc": "Our staff will assist you with all necessary legal documentation and arrangements required for the cremation, providing peace of mind during a difficult time."
                },
                {
                    "t1": "Memorialization Services",
                    "desc": "We can help create meaningful memorialization options, including keepsakes and ceremonies, to honor your loved one’s legacy."
                },
                {
                    "t1": "Support After the Service",
                    "desc": "We provide ongoing support for families, connecting you with grief resources and support groups to aid in your healing process."
                }
            ]
        },
        {
            "id": 3,
            "title": "Pandit for Funeral",
            "image": "https://kaashimukthi.com/wp-content/uploads/2023/03/Pandit-for-Funeral-2.png",
            "description": "Our experienced pandits perform the final rites with deep reverence, guiding families through traditional rituals and providing spiritual comfort during the final ceremonies.",
            "content": [
                {
                    "t1": "Ritual Expertise",
                    "desc": "Our pandits are well-versed in traditional rites and rituals, ensuring that every ceremony is conducted according to cultural and religious practices."
                },
                {
                    "t1": "Personalized Ceremonies",
                    "desc": "We tailor each ceremony to reflect the unique life and beliefs of your loved one, allowing families to honor their traditions and customs."
                },
                {
                    "t1": "Spiritual Support",
                    "desc": "Our pandits provide spiritual comfort and guidance, helping families navigate their grief through prayers and rituals."
                },
                {
                    "t1": "Complete Funeral Services",
                    "desc": "We coordinate with other services to ensure a seamless experience, providing comprehensive support from start to finish."
                },
                {
                    "t1": "Follow-Up Support",
                    "desc": "We offer follow-up visits and support to families, ensuring that you have the resources you need as you move through the grieving process."
                }
            ]
        },
        {
            "id": 4,
            "title": "Asthi Visarjan",
            "image": "https://www.lastjourney.in/uploaded_files/thumb_cache/thumb_684_575_Untitled-design-3.png",
            "description": "We assist with the asthi visarjan ritual, facilitating a respectful immersion of ashes as per tradition, ensuring all customs are honored with care and devotion.",
            "content": [
                {
                    "t1": "Guided Immersion",
                    "desc": "Our team provides guidance throughout the asthi visarjan process, ensuring that every step is respectful and in accordance with tradition."
                },
                {
                    "t1": "Customizable Rituals",
                    "desc": "We can personalize the immersion ceremony to reflect your loved one’s life and beliefs, incorporating meaningful elements into the ritual."
                },
                {
                    "t1": "Logistical Support",
                    "desc": "We handle all logistics for the immersion, including location arrangements and transportation, allowing families to focus on their emotions."
                },
                {
                    "t1": "Commemorative Options",
                    "desc": "We offer options for commemorative services post-immersion, such as memorial gatherings or keepsakes to honor the memory of your loved one."
                },
                {
                    "t1": "Ongoing Support",
                    "desc": "Our staff remains available for any further assistance or guidance needed during this emotional time, ensuring you are never alone."
                }
            ]
        },
        {
            "id": 5,
            "title": "Chautha And Tehravin",
            "image": "https://www.lastjourney.in/uploaded_files/thumb_cache/thumb_684_575_The-Rituals-of-Chautha-and-Tehravin.jpg",
            "description": "Our Chautha and Tehravin services provide a compassionate setting for families to gather, remember, and perform traditional rituals, offering peace and remembrance.",
            "content": [
                {
                    "t1": "Ceremony Coordination",
                    "desc": "We help coordinate the Chautha and Tehravin ceremonies, ensuring that every aspect is in line with your family’s traditions."
                },
                {
                    "t1": "Supportive Environment",
                    "desc": "Our team creates a supportive environment where families can gather, share memories, and find solace in each other’s company."
                },
                {
                    "t1": "Traditional Rituals",
                    "desc": "We assist in performing traditional rituals that honor your loved one, providing spiritual guidance and support throughout."
                },
                {
                    "t1": "Customized Memorial Gatherings",
                    "desc": "We offer options for customizing memorial gatherings, ensuring that the event reflects the unique spirit of your loved one."
                },
                {
                    "t1": "Resource Provision",
                    "desc": "We provide resources and materials needed for the ceremonies, easing the burden on families during this emotional time."
                }
            ]
        },
        {
            "id": 6,
            "title": "Prayer Hall Service",
            "image": "https://www.lastjourney.in/uploaded_files/thumb_cache/thumb_684_575_how-to-create-peaceful-welcoming-prayer-meeting-hall.png",
            "description": "Our serene prayer hall service provides a tranquil space for families and friends to come together, offering support and honoring the memory of a loved one with prayers and reflections.",
            "content": [
                {
                    "t1": "Peaceful Atmosphere",
                    "desc": "Our prayer halls are designed to create a peaceful atmosphere, allowing families to reflect and remember their loved ones in a serene setting."
                },
                {
                    "t1": "Flexible Arrangements",
                    "desc": "We offer flexible arrangements for prayer services, accommodating your family's needs and preferences for the gathering."
                },
                {
                    "t1": "Supportive Staff",
                    "desc": "Our staff is on hand to provide support and guidance, helping families through the process of planning and conducting the service."
                },
                {
                    "t1": "Catering and Refreshments",
                    "desc": "We can arrange catering and refreshments for attendees, ensuring that families and friends can share a meal in a comforting environment."
                },
                {
                    "t1": "Ongoing Availability",
                    "desc": "We are available for follow-up support, offering resources and assistance as families continue their healing journey."
                }
            ]
        },
        {
            "id": 7,
            "title": "Dead Body Transport",
            "image": "https://www.lastjourney.in/uploaded_files/category/raju-srivastava.jpeg",
            "description": "We provide respectful and safe transport for the deceased, ensuring that all legal and logistical requirements are met with compassion and care.",
            "content": [
                {
                    "t1": "Professional Handling",
                    "desc": "Our transport services are conducted with professionalism and dignity, ensuring that your loved one is treated with the utmost respect during this sensitive time."
                },
                {
                    "t1": "Legal Compliance",
                    "desc": "We handle all necessary legal and logistical arrangements for the transport of the deceased, providing peace of mind to families."
                },
                {
                    "t1": "Safe Transportation",
                    "desc": "Our vehicles are equipped to ensure safe and respectful transportation, adhering to all regulations and best practices."
                },
                {
                    "t1": "Support for Families",
                    "desc": "Our staff is available to provide support and guidance throughout the transport process, ensuring families feel cared for and informed."
                },
                {
                    "t1": "Follow-Up Care",
                    "desc": "We continue to provide support after transportation, assisting with any additional needs families may have during this time."
                }
            ]
        },
        {
            "id": 8,
            "title": "Freezer Box",
            "image": "https://annaiambulance.in/wp-content/uploads/elementor/thumbs/20240126_204642-scaled-qkh2tz3mfzjyvyoxboq79a6h5t12p4oyq886j1ae8w.jpg",
            "description": "Our freezer box services offer a dignified solution for preserving the body until the final arrangements are made, ensuring care and respect in every detail.",
            "content": [
                {
                    "t1": "State-of-the-Art Equipment",
                    "desc": "We utilize state-of-the-art freezer box technology to ensure that the deceased is preserved with dignity until the final arrangements are completed."
                },
                {
                    "t1": "Flexible Timing",
                    "desc": "Our freezer boxes allow families to have the time they need for planning and decision-making without feeling rushed."
                },
                {
                    "t1": "Transportation Included",
                    "desc": "We provide transportation to and from the freezer box facility, ensuring a seamless experience for families during this difficult time."
                },
                {
                    "t1": "Compassionate Support",
                    "desc": "Our staff is available to answer questions and provide support throughout the preservation process, ensuring families feel understood and cared for."
                },
                {
                    "t1": "Comprehensive Services",
                    "desc": "We offer comprehensive services, assisting families with every step of the planning process, including burial or cremation options."
                }
            ]
        },
        {
            "id": 9,
            "title": "Antim Sanskar Samagri",
            "image": "https://kaashimukthi.com/wp-content/uploads/2023/03/Antim-Sanskar-Samagri-3-1024x439.png",
            "description": "We provide all necessary materials and items for final rites, ensuring that families have everything they need to conduct the ceremonies with dignity and respect.",
            "content": [
                {
                    "t1": "Comprehensive Kits",
                    "desc": "Our Antim Sanskar Samagri kits contain all the essential items required for performing final rites, ensuring that families are well-prepared."
                },
                {
                    "t1": "Quality Materials",
                    "desc": "We source high-quality materials to ensure that every aspect of the ceremony is conducted with care and respect for traditions."
                },
                {
                    "t1": "Personalized Service",
                    "desc": "Our staff provides personalized service, helping families choose the items that best reflect their traditions and preferences."
                },
                {
                    "t1": "Delivery and Setup",
                    "desc": "We offer delivery and setup services for all materials, ensuring that everything is in place before the ceremony begins."
                },
                {
                    "t1": "Support and Guidance",
                    "desc": "Our team is available for any questions or support families may need while preparing for the final rites, ensuring no one feels alone."
                }
            ]
        }
    ]
}